split,episodes,mean_total_cost,std_total_cost,skew_total_cost,y_objective
eval_agent,1500,70.36186287694062,192.86181554763004,1.7816173701700002,359.65458619838574
