split,episodes,mean_total_cost,std_total_cost,skew_total_cost,y_objective
train,5000,202.75881589647545,203.68003097099046,5.111385941102957,508.2788623529612
