split,episodes,mean_total_cost,std_total_cost,skew_total_cost,y_objective
eval_agent,5000,54.602135147257584,59.66686870554772,0.49850401556090046,144.10243820557918
