split,episodes,mean_total_cost,std_total_cost,skew_total_cost,y_objective
eval_agent,1500,52.10778288664302,45.86708995094223,0.9957969738450635,120.90841781305637
