split,episodes,mean_total_cost,std_total_cost,skew_total_cost,y_objective
eval_benchmark,1500,90.56107004718848,36.70046200211096,0.301083153533979,145.6117630503549
