split,episodes,mean_total_cost,std_total_cost,skew_total_cost,y_objective
train,5000,106.01306976581667,95.49839357494311,2.3538630004372276,249.26066012823134
