split,episodes,mean_total_cost,std_total_cost,skew_total_cost,y_objective
eval_agent,1500,75.62346808616822,49.31937304949013,0.5626608125517502,149.6025276604034
