split,episodes,mean_total_cost,std_total_cost,skew_total_cost,y_objective
eval_agent,3000,52.626122646039676,66.38969022509379,1.1120399262562266,152.21065798368036
