split,episodes,mean_total_cost,std_total_cost,skew_total_cost,y_objective
eval_benchmark,3000,103.43371046416739,39.185665716967435,0.5810211447345964,162.21220903961856
