split,episodes,mean_total_cost,std_total_cost,skew_total_cost,y_objective
eval_agent,1500,73.21998075326275,46.1539054934265,0.4603340670421746,128.60466734537457
