split,episodes,mean_total_cost,std_total_cost,y_objective
eval_agent,1000,34.727709537669334,152.2187474579135,263.0558307245396
