split,episodes,mean_total_cost,std_total_cost,y_objective
train,2000,62.369439644217316,133.28674355601316,262.29955497823704
