split,episodes,mean_total_cost,std_total_cost,skew_total_cost,y_objective
eval_agent,1000,64.04916683642634,56.60379759485207,0.41087699446748194,148.95486322870443
