split,episodes,mean_total_cost,std_total_cost,skew_total_cost,y_objective
eval_agent,5000,60.89970870295473,64.2058565182188,0.7942958732705858,157.2084934802829
