split,episodes,mean_total_cost,std_total_cost,skew_total_cost,y_objective
eval_benchmark,5000,73.00576653387445,60.05273459921422,0.9584067024980479,163.0848684326958
