split,episodes,mean_total_cost,std_total_cost,skew_total_cost,y_objective
eval_agent,1500,73.90898032173725,52.75812324142742,1.1132351792551547,126.66710356316467
