split,episodes,mean_total_cost,std_total_cost,skew_total_cost,y_objective
eval_agent,1500,19.158307869236264,158.32808747690575,1.964265822271164,177.48639534614202
