split,episodes,mean_total_cost,std_total_cost,skew_total_cost,y_objective
eval_benchmark,1500,83.5364962194901,52.020316557827044,1.254958093630052,135.55681277731716
