split,episodes,mean_total_cost,std_total_cost,skew_total_cost,y_objective
train,5000,101.37924188132456,168.4591023589214,1.301328088142969,269.83834424024593
