split,episodes,mean_total_cost,std_total_cost,skew_total_cost,y_objective
eval_benchmark,5000,59.33966714548201,49.041457064465526,1.123383532525367,132.9018527421803
