split,episodes,mean_total_cost,std_total_cost,skew_total_cost,y_objective
eval_agent,5000,44.81626257153905,48.543648129074974,0.6418855281800133,117.63173476515152
