split,episodes,mean_total_cost,std_total_cost,skew_total_cost,y_objective
eval_agent,1500,76.64562456095292,33.643243599849505,0.17465208379382194,117.01751688077232
