split,episodes,mean_total_cost,std_total_cost,skew_total_cost,y_objective
train,5000,144.3084399445881,96.73691260481824,1.5047645763493678,260.39273507036995
