split,episodes,mean_total_cost,std_total_cost,skew_total_cost,y_objective
eval_agent,5000,51.67758555221691,71.39536188349437,0.9986804297321041,158.7706283774585
