split,episodes,mean_total_cost,std_total_cost,skew_total_cost,y_objective
eval_benchmark,5000,60.529543154762024,69.64981752129749,1.1027507846628821,165.00426943670826
