split,episodes,mean_total_cost,std_total_cost,skew_total_cost,y_objective
eval_benchmark,1500,85.9471713970485,53.96428893032982,1.3630763176159857,166.89360479254324
