split,episodes,mean_total_cost,std_total_cost,y_objective
eval_agent,1000,24.562788181670836,149.58904876795881,248.94636133360905
