split,episodes,mean_total_cost,std_total_cost,y_objective
train,2000,82.73568272138395,136.03664337238337,286.790647779959
