split,episodes,mean_total_cost,std_total_cost,skew_total_cost,y_objective
eval_agent,1500,48.220840714948096,32.058339423748166,0.33158489586070894,80.27918013869626
