split,episodes,mean_total_cost,std_total_cost,skew_total_cost,y_objective
train,5000,102.48865231230639,93.23217893637137,2.7992402647632972,195.72083124867777
