split,episodes,mean_total_cost,std_total_cost,skew_total_cost,y_objective
eval_agent,5000,51.65237199434661,32.28101327575828,0.602119113625976,100.07389190798403
