split,episodes,mean_total_cost,std_total_cost,skew_total_cost,y_objective
eval_benchmark,5000,71.04996939705708,30.41195775743526,0.6253118373584231,116.66790603320996
