split,episodes,mean_total_cost,std_total_cost,skew_total_cost,y_objective
eval_benchmark,1500,90.73617246667355,29.6353187200824,0.36275639731636766,135.18915054679715
