split,episodes,mean_total_cost,std_total_cost,skew_total_cost,y_objective
eval_agent,1500,45.0650541158074,34.71911595731688,0.7394364194517499,97.14372805178273
