split,episodes,mean_total_cost,std_total_cost,skew_total_cost,y_objective
eval_agent,5000,57.95847026039645,34.33012741535862,0.7332884242213028,109.45366138343438
