split,episodes,mean_total_cost,std_total_cost,skew_total_cost,y_objective
eval_agent,5000,91.27916141364777,34.850024916163804,0.26466130333612276,143.55419878789348
