split,episodes,mean_total_cost,std_total_cost,skew_total_cost,y_objective
eval_agent,5000,74.04669948727675,56.97441383845072,0.6224270206780835,159.5083202449528
