split,episodes,mean_total_cost,std_total_cost,skew_total_cost,y_objective
eval_benchmark,1500,62.67083620698703,62.219322182755405,1.6519008305098335,137.3340228262935
