split,episodes,mean_total_cost,std_total_cost,skew_total_cost,y_objective
eval_agent,1500,5.2507179615287365,124.52787973336508,1.8441591860921047,154.68417364156684
