split,episodes,mean_total_cost,std_total_cost,skew_total_cost,y_objective
eval_benchmark,5000,83.50540112808253,54.37864156276317,1.5288335373887239,165.0733634722273
