split,episodes,mean_total_cost,std_total_cost,skew_total_cost,y_objective
eval_agent,5000,53.92197921058156,66.93740107380181,0.9400130023679307,154.32808082128426
