split,episodes,mean_total_cost,std_total_cost,skew_total_cost,y_objective
eval_agent,5000,52.957476512126846,70.13293708176933,0.8435968369511749,158.15688213478083
