split,episodes,mean_total_cost,std_total_cost,y_objective
eval_benchmark,1000,87.2361888894228,27.98488828937078,129.21352132347897
