split,episodes,mean_total_cost,std_total_cost,y_objective
train,2000,94.98749970823971,58.21766942672087,182.31400384832102
