split,episodes,mean_total_cost,std_total_cost,skew_total_cost,y_objective
eval_agent,1500,42.36271354252855,119.3107508183475,0.9319152681001662,161.67346436087607
