split,episodes,mean_total_cost,std_total_cost,skew_total_cost,y_objective
train,5000,166.64026301308226,137.33192811549864,1.8326826301128836,303.9721911285809
