split,episodes,mean_total_cost,std_total_cost,skew_total_cost,y_objective
eval_agent,1500,56.1662469643187,37.46110955652291,0.6355853716305396,101.1195784321462
