split,episodes,mean_total_cost,std_total_cost,skew_total_cost,y_objective
train,5000,127.56307645831875,105.43875607677971,2.2709104264637667,254.0895837504544
