split,episodes,mean_total_cost,std_total_cost,skew_total_cost,y_objective
eval_agent,1500,63.147298787260205,33.99472575113595,0.8201368135144903,114.13938741396413
