split,episodes,mean_total_cost,std_total_cost,skew_total_cost,y_objective
eval_agent,1500,58.207443257778735,107.09865192229972,0.7397610523733965,218.85542114122833
