split,episodes,mean_total_cost,std_total_cost,skew_total_cost,y_objective
eval_benchmark,1500,107.4453340641288,36.91736815030795,0.49468295173009785,144.36270221443675
