split,episodes,mean_total_cost,std_total_cost,skew_total_cost,y_objective
eval_agent,1500,76.50016956967683,35.274497338620726,0.20503927098957175,111.77466690829756
