split,episodes,mean_total_cost,std_total_cost,skew_total_cost,y_objective
eval_agent,1500,8.324866154446566,145.1094714301642,2.1891351873227642,153.43433758461077
