split,episodes,mean_total_cost,std_total_cost,skew_total_cost,y_objective
eval_benchmark,1500,80.80081874749759,46.12939556878453,0.7911070491781523,126.93021431628212
