split,episodes,mean_total_cost,std_total_cost,skew_total_cost,y_objective
train,5000,167.26382088406507,150.6797170292936,2.2994422609693013,317.9435379133586
