split,episodes,mean_total_cost,std_total_cost,skew_total_cost,y_objective
eval_benchmark,5000,104.86954474225008,39.953902484380535,0.6939391271210674,164.80039846882087
