split,episodes,mean_total_cost,std_total_cost,skew_total_cost,y_objective
eval_agent,5000,75.65179441145166,42.93773250966984,0.3744983641985459,140.0583931759564
