split,episodes,mean_total_cost,std_total_cost,skew_total_cost,y_objective
eval_agent,5000,66.70481092126036,47.9965545631203,0.36247909590582733,138.69964276594078
