split,episodes,mean_total_cost,std_total_cost,skew_total_cost,y_objective
eval_benchmark,3000,103.70956594877443,39.03222009903267,0.523736219911236,162.25789609732345
