split,episodes,mean_total_cost,std_total_cost,skew_total_cost,y_objective
eval_agent,3000,72.82893189787951,45.27416431167367,0.0459114014812799,140.74017836539002
