split,episodes,mean_total_cost,std_total_cost,skew_total_cost,y_objective
eval_benchmark,5000,89.5503969770886,33.85275661825103,0.7779926606707689,140.32953190446514
