split,episodes,mean_total_cost,std_total_cost,skew_total_cost,y_objective
eval_agent,5000,54.59481375746351,38.51043503950804,1.2530862931706852,112.36046631672558
