split,episodes,mean_total_cost,std_total_cost,skew_total_cost,y_objective
eval_benchmark,5000,72.18709006399237,54.48420029936291,0.46686390729418364,153.91339051303675
