split,episodes,mean_total_cost,std_total_cost,skew_total_cost,y_objective
eval_agent,5000,63.18076062955047,54.6069700995503,0.4381817071025969,145.09121577887592
