split,episode_idx,n_steps,total_cost,mean_step_cost,std_step_cost,total_trade_cost,total_liquidation_cost,mean_loss
eval_agent,0,21,-0.69368991138821,-0.0330328529232481,7.563565147780672,10.578912611379216,10.559345820764234,
eval_agent,1,21,11.067911383843727,0.5270433992306537,5.319616190003071,10.578313779222972,10.70320075260915,
eval_agent,2,21,61.82790651718806,2.944186024628003,8.762893948566598,10.599325370516082,11.317079587980983,
eval_agent,3,21,55.56180095243752,2.6458000453541675,5.71086832662216,10.579644330875198,9.491595078206842,
eval_agent,4,21,13.566338632915944,0.6460161253769497,5.1068871805507605,10.576103456994554,10.73498932935063,
