split,episodes,mean_total_cost,std_total_cost,y_objective
eval_agent,5,28.266053514999403,25.384957178648566,66.34348928297226
