split,episode_idx,n_steps,total_cost,mean_step_cost,std_step_cost,total_trade_cost,total_liquidation_cost,mean_loss
eval_benchmark,0,21,57.8219525619531,2.7534263124739566,4.687909933964096,41.55782924577604,17.72773386159853,
eval_benchmark,1,21,39.95095565071464,1.90242645955784,4.405095836099722,35.00689451739833,19.458153810332284,
eval_benchmark,2,21,39.08387622160787,1.8611369629337082,4.614132709021867,22.25956580619628,20.68593805247986,
eval_benchmark,3,21,13.997175529326828,0.6665321680631823,1.8798644609058444,24.732364180965664,2.51441853374698e-10,
eval_benchmark,4,21,37.679859062299606,1.7942790029666478,4.781345239525625,27.451317202100867,19.586699710430675,
