split,episodes,mean_total_cost,std_total_cost,y_objective
train,5,153.9847063159633,55.055788155485,236.56838854919081
