split,episodes,mean_total_cost,std_total_cost,skew_total_cost,y_objective
eval_benchmark,1500,89.40745157997252,28.31352832869249,0.3174505301099595,123.38368557440351
