split,episodes,mean_total_cost,std_total_cost,skew_total_cost,y_objective
eval_agent,1500,45.264126091115635,96.834795386717,0.3954010928680425,161.46588055517603
