split,episodes,mean_total_cost,std_total_cost,skew_total_cost,y_objective
eval_agent,5000,50.40788984640447,30.032310501269006,0.06383685647649649,95.45635559830798
