split,episodes,mean_total_cost,std_total_cost,skew_total_cost,y_objective
eval_benchmark,5000,89.68873579726842,29.838939041134587,0.46631145576388205,134.44714435897032
