split,episodes,mean_total_cost,std_total_cost,y_objective
eval_agent,1000,33.10605409016768,30.15127455195092,78.33296591809406
