split,episodes,mean_total_cost,std_total_cost,y_objective
train,2000,129.67510817738827,70.96577161613456,236.12376560159012
