split,episodes,mean_total_cost,std_total_cost,skew_total_cost,y_objective
eval_benchmark,1500,62.75186736858504,62.23244048849339,1.6726225359020106,124.98430785707843
