split,episodes,mean_total_cost,std_total_cost,skew_total_cost,y_objective
eval_agent,1500,43.30229712553422,105.087947448931,1.1013067444898257,148.3902445744652
