split,episodes,mean_total_cost,std_total_cost,skew_total_cost,y_objective
eval_agent,5000,49.97392381521731,41.36511221126959,0.49585512176800495,112.02159213212171
