split,episodes,mean_total_cost,std_total_cost,skew_total_cost,y_objective
eval_benchmark,5000,70.42092830461975,34.7102133776595,0.980343448603192,122.486248371109
