split,episodes,mean_total_cost,std_total_cost,skew_total_cost,y_objective
eval_benchmark,1000,90.11016091570453,29.526699510109527,0.3612662165233518,134.40021018086884
