split,episodes,mean_total_cost,std_total_cost,skew_total_cost,y_objective
eval_agent,5000,67.46132707301382,60.48353026327904,0.8399365920940621,158.18662246793238
