split,episodes,mean_total_cost,std_total_cost,skew_total_cost,y_objective
eval_benchmark,5000,82.86173017564205,54.44512061550083,1.0154072076957048,164.5294110988933
