split,episodes,mean_total_cost,std_total_cost,skew_total_cost,y_objective
eval_agent,1500,85.90076607575713,36.79123643532792,0.29113585899522876,130.05024979815065
