split,episodes,mean_total_cost,std_total_cost,skew_total_cost,y_objective
eval_agent,5000,73.18307501125618,55.2324342628799,0.4772978177673162,156.03172640557602
