split,episodes,mean_total_cost,std_total_cost,skew_total_cost,y_objective
eval_benchmark,5000,104.4951112433701,49.17066579671596,1.2087418181849459,178.25110993844402
