split,episodes,mean_total_cost,std_total_cost,skew_total_cost,y_objective
eval_agent,1500,19.462949851090457,50.42671358755419,1.004285457712538,69.88966343864465
