split,episodes,mean_total_cost,std_total_cost,skew_total_cost,y_objective
eval_agent,5000,74.78551111978817,40.73447330437148,0.12424056467766086,135.88722107634538
