split,episodes,mean_total_cost,std_total_cost,skew_total_cost,y_objective
eval_agent,1500,1.1408383782227098,113.710126204719,1.6307691494790466,137.5929898238855
