split,episodes,mean_total_cost,std_total_cost,skew_total_cost,y_objective
eval_benchmark,1500,77.9361261988346,24.878970622172382,0.1560586751480713,107.79089094544146
