split,episodes,mean_total_cost,std_total_cost,skew_total_cost,y_objective
train,5000,173.0827332478072,140.05750625810683,2.525690746156802,341.15174075753544
