split,episode_idx,n_steps,total_cost,mean_step_cost,std_step_cost,total_trade_cost,total_liquidation_cost,mean_loss
eval_benchmark,0,20,99.97623661243875,4.998811830621937,7.616507009940537,74.14553682814233,5.505503596853128e-05,
eval_benchmark,1,20,96.32040416271677,4.816020208135838,8.390689595119667,99.1131476853843,34.134249830466665,
eval_benchmark,2,20,87.14330337202892,4.357165168601446,11.058863392080905,56.010510565100574,48.013319879794,
eval_benchmark,3,20,114.04223415977162,5.702111707988582,11.198908146833444,78.0519246809055,45.116785995129725,
eval_benchmark,4,20,36.474651758991214,1.8237325879495607,4.877627902619017,52.369033037095924,0.009205609192885779,
