split,episodes,mean_total_cost,std_total_cost,skew_total_cost,y_objective
eval_agent,5,57.975694453291844,68.32225046672461,-0.13484437244723935,160.45907015337875
