split,episode_idx,n_steps,total_cost,mean_step_cost,std_step_cost,total_trade_cost,total_liquidation_cost,mean_loss
eval_agent,0,20,71.97226660494638,3.5986133302473196,21.960335077154625,24.3240671826979,22.428288231089596,
eval_agent,1,20,-49.20879420713956,-2.4604397103569777,8.152310028860223,24.360800454384613,23.74689188297039,
eval_agent,2,20,158.97973806896331,7.948986903448166,14.448677097239027,24.38234709149742,26.275162079286336,
eval_agent,3,20,27.3949093045273,1.369745465226365,12.161458183947751,24.35392139845359,24.6768362871106,
eval_agent,4,20,80.74035249516179,4.037017624758089,19.854337830317313,24.335370263211416,22.355373812020183,
