split,episodes,mean_total_cost,std_total_cost,y_objective
eval_agent,1000,37.57680281033772,13.191215786801706,57.36362649054028
