split,episodes,mean_total_cost,std_total_cost,y_objective
eval_benchmark,1000,46.81420575987021,15.990859348346888,70.80049478239056
