split,episodes,mean_total_cost,std_total_cost,y_objective
train,2000,41.79433278498862,28.079669450702553,83.91383696104246
