split,episodes,mean_total_cost,std_total_cost,skew_total_cost,y_objective
eval_benchmark,1000,78.66112802853762,24.741676454982617,0.12757035496067096,115.77364271101155
