split,episodes,mean_total_cost,std_total_cost,skew_total_cost,y_objective
train,2000,178.73770607555664,180.54412392984548,2.9296446676410954,449.55389197032486
