split,episodes,mean_total_cost,std_total_cost,skew_total_cost,y_objective
eval_agent,1500,76.54109899290354,50.397269572104726,0.7447925565998271,152.13700335106063
