split,episodes,mean_total_cost,std_total_cost,y_objective
eval_agent,1000,7.113512024399232,137.71034477076577,213.67902918054793
