split,episodes,mean_total_cost,std_total_cost,y_objective
train,2000,163.93713715673348,138.19367130337884,371.2276441118018
