split,episodes,mean_total_cost,std_total_cost,skew_total_cost,y_objective
eval_agent,1000,194.22162584162405,168.31514440501093,1.2408385723065842,446.69434244914044
