split,episodes,mean_total_cost,std_total_cost,skew_total_cost,y_objective
train,2000,277.7283929482019,153.34974900335868,0.31496544232295864,507.75301645323987
