split,episodes,mean_total_cost,std_total_cost,skew_total_cost,y_objective
eval_benchmark,3000,104.28929750023948,39.27037567703725,0.5290524096196791,163.19486101579537
