split,episodes,mean_total_cost,std_total_cost,skew_total_cost,y_objective
eval_agent,3000,76.00718553546906,134.85948732505318,1.7625204338775395,278.29641652304883
