split,episodes,mean_total_cost,std_total_cost,skew_total_cost,y_objective
eval_benchmark,5000,73.77972746697924,54.801998055648546,0.6250541283377992,155.98272455045205
