split,episodes,mean_total_cost,std_total_cost,skew_total_cost,y_objective
eval_agent,5000,65.5150783851258,57.56361424440677,0.5016497254263569,151.86049975173597
