split,episodes,mean_total_cost,std_total_cost,skew_total_cost,y_objective
eval_benchmark,3000,102.94907333259691,40.07574196297201,0.6754631882966826,163.06268627705492
