split,episodes,mean_total_cost,std_total_cost,skew_total_cost,y_objective
eval_agent,3000,80.56930205259754,38.52639308043463,0.40619682652072725,138.35889167324947
