split,episodes,mean_total_cost,std_total_cost,skew_total_cost,y_objective
eval_benchmark,10000,103.53035257976639,39.904168501877045,0.6280873773408719,163.38660533258195
