split,episodes,mean_total_cost,std_total_cost,skew_total_cost,y_objective
eval_agent,10000,77.2726276306009,44.72799952782653,0.4095290214080624,144.3646269223407
