split,episodes,mean_total_cost,std_total_cost,skew_total_cost,y_objective
eval_benchmark,1500,90.57585734497853,29.63719307990282,0.33074826848590727,120.21305042488135
