split,episodes,mean_total_cost,std_total_cost,skew_total_cost,y_objective
eval_agent,1500,54.022494377165316,30.217645600495107,0.5979936702682588,84.24013997766042
