split,episodes,mean_total_cost,std_total_cost,skew_total_cost,y_objective
train,5000,109.09906961936147,86.5508694127551,3.3434136806320756,195.6499390321166
