split,episodes,mean_total_cost,std_total_cost,y_objective
eval_benchmark,1000,108.15465105447494,40.76924004570593,169.3085111230338
