split,episodes,mean_total_cost,std_total_cost,y_objective
eval_agent,1000,70.92981243151235,112.2509287703106,239.30620558697822
