split,episodes,mean_total_cost,std_total_cost,y_objective
train,2000,97.93406423530628,111.06356351495268,264.5294095077353
