split,episodes,mean_total_cost,std_total_cost,skew_total_cost,y_objective
eval_agent,5000,63.45036400254353,51.05451060346845,0.36672074656209597,140.0321299077462
