split,episodes,mean_total_cost,std_total_cost,skew_total_cost,y_objective
eval_benchmark,5000,79.93924563816407,47.109927907063486,0.481556503422274,150.6041374987593
