split,episodes,mean_total_cost,std_total_cost,skew_total_cost,y_objective
eval_benchmark,5000,89.45503708377869,29.763301191731628,0.5010827171044732,134.09998887137613
