split,episodes,mean_total_cost,std_total_cost,skew_total_cost,y_objective
eval_agent,1500,85.06907880331795,27.36002833994707,0.3464626941534673,126.10912131323856
