split,episodes,mean_total_cost,std_total_cost,skew_total_cost,y_objective
eval_benchmark,1500,108.56565487096037,37.511590354297006,0.4547033548898537,164.83304040240586
