split,episodes,mean_total_cost,std_total_cost,skew_total_cost,y_objective
train,5000,123.86392270392066,80.1479150003349,1.8433133555836776,244.08579520442302
