split,episodes,mean_total_cost,std_total_cost,skew_total_cost,y_objective
eval_agent,5000,71.90807746380652,43.38374309983461,0.27289782563341075,136.98369211355845
