split,episodes,mean_total_cost,std_total_cost,skew_total_cost,y_objective
eval_benchmark,5000,104.14976278081969,39.79079404890556,0.5383453985292542,163.83595385417803
