split,episodes,mean_total_cost,std_total_cost,skew_total_cost,y_objective
eval_agent,3000,79.10457213458004,40.77036392944961,0.3121673044296618,140.26011802875445
