split,episodes,mean_total_cost,std_total_cost,skew_total_cost,y_objective
eval_benchmark,3000,104.07006270985666,39.439678533359725,0.5593397554902306,163.22958050989624
