split,episodes,mean_total_cost,std_total_cost,y_objective
eval_agent,1000,-2.64791626318337,104.70687515300928,154.41239646633053
