split,episodes,mean_total_cost,std_total_cost,y_objective
train,2000,133.33582406795438,129.18850621370905,327.11858338851795
