split,episodes,mean_total_cost,std_total_cost,skew_total_cost,y_objective
eval_benchmark,1500,107.9144240391379,40.119791470084046,0.502681435852869,168.09411124426396
