split,episodes,mean_total_cost,std_total_cost,skew_total_cost,y_objective
eval_agent,1500,86.4748632491287,36.31640871612341,0.27658851399352574,140.94947632331383
