split,episodes,mean_total_cost,std_total_cost,skew_total_cost,y_objective
eval_agent,1500,27.821290787053126,121.90842763125607,2.3979792870318293,174.11140394456044
