split,episodes,mean_total_cost,std_total_cost,skew_total_cost,y_objective
eval_agent,1500,0.9848409260625908,113.05777720133754,1.5639135554771717,114.04261812740012
