split,episodes,mean_total_cost,std_total_cost,skew_total_cost,y_objective
eval_benchmark,1500,77.7597515853739,24.425827255670924,0.17329874196936623,102.18557884104484
