split,episode_idx,n_steps,total_cost,mean_step_cost,std_step_cost,total_trade_cost,total_liquidation_cost,mean_loss
eval_agent,0,20,18.049424765124883,0.902471238256244,18.47908676452411,7.037089058951037,5.785371929509392,
eval_agent,1,20,-70.63974725450755,-3.5319873627253773,8.765777016534123,7.082576638122214,7.042968813222053,
eval_agent,2,20,170.95576934457108,8.547788467228553,16.425272811600166,7.169866398625269,10.048071866637999,
eval_agent,3,20,11.663287701392447,0.5831643850696224,12.625903540341975,7.080123703690033,8.050462057211178,
eval_agent,4,20,25.746762494056707,1.2873381247028355,15.097382912418489,7.026870748551398,5.714997297850644,
