split,episode_idx,n_steps,total_cost,mean_step_cost,std_step_cost,total_trade_cost,total_liquidation_cost,mean_loss
eval_benchmark,0,20,46.30762382607788,2.315381191303894,5.936328948288049,21.960129748498662,0.0001268955526809591,
eval_benchmark,1,20,14.852821951843543,0.7426410975921771,4.797684037195474,28.74379375936026,11.541597256340676,
eval_benchmark,2,20,18.9263048692951,0.946315243464755,4.321571489142604,16.6946185121539,18.16611251829464,
eval_benchmark,3,20,30.094059828576526,1.5047029914288264,4.557451974449219,22.437928549599917,14.680537807438336,
eval_benchmark,4,20,-1.5565199662905136,-0.07782599831452568,1.9887454994090341,15.654995220297879,0.01240002869029802,
