split,episodes,mean_total_cost,std_total_cost,y_objective
train,5,31.07224955206779,81.26318572156286,152.9670281344121
