split,episodes,mean_total_cost,std_total_cost,skew_total_cost,y_objective
eval_agent,1500,71.69532194951711,36.90259501888948,0.21189969832075228,127.04921447785132
