split,episodes,mean_total_cost,std_total_cost,skew_total_cost,y_objective
train,5000,110.06801541932603,84.63572469084704,1.54145121851346,237.02160245559656
