split,episodes,mean_total_cost,std_total_cost,skew_total_cost,y_objective
eval_agent,5000,69.41046748703322,44.36443749928108,0.24679819559928054,135.95712373595487
