split,episodes,mean_total_cost,std_total_cost,skew_total_cost,y_objective
eval_agent,1500,34.20699754784485,35.46548780795046,0.29193391689493403,76.76558291738542
