split,episodes,mean_total_cost,std_total_cost,skew_total_cost,y_objective
eval_benchmark,5000,62.26558879794247,37.58711719479032,0.9479909337412901,118.64626459012796
