split,episodes,mean_total_cost,std_total_cost,skew_total_cost,y_objective
eval_agent,5000,52.52914864508057,42.406950930150614,0.39527915712520895,116.13957504030647
