split,episodes,mean_total_cost,std_total_cost,skew_total_cost,y_objective
eval_agent,1500,44.30146480243039,80.06269504898628,1.2276164713294135,124.36415985141667
