split,episodes,mean_total_cost,std_total_cost,skew_total_cost,y_objective
train,5000,143.22376050475023,113.32822281096529,2.520965859622628,256.5519833157155
