split,episodes,mean_total_cost,std_total_cost,skew_total_cost,y_objective
eval_agent,1000,49.65696201785781,82.80907523495264,0.7400468307247817,173.87057487028676
