split,episodes,mean_total_cost,std_total_cost,skew_total_cost,y_objective
eval_agent,1500,82.0389881360844,29.8169452935268,0.2109637938229393,126.7644060763746
