split,episodes,mean_total_cost,std_total_cost,skew_total_cost,y_objective
train,5000,123.72402216129129,81.09766861034058,1.8325814088515828,245.37052507680215
