split,episodes,mean_total_cost,std_total_cost,skew_total_cost,y_objective
eval_agent,1500,69.66999135407623,36.266617961269375,0.07321713474993939,105.9366093153456
