split,episodes,mean_total_cost,std_total_cost,skew_total_cost,y_objective
train,5000,98.02435123180065,82.5685909157192,1.3412433617641695,180.59294214751986
