split,episodes,mean_total_cost,std_total_cost,skew_total_cost,y_objective
eval_agent,1500,65.76050117457694,55.096727585087045,0.7668837383193933,148.4055925522075
