split,episodes,mean_total_cost,std_total_cost,skew_total_cost,y_objective
train,5000,112.66750029581513,90.84308397691142,1.4076666319250681,248.93212626118228
