split,episodes,mean_total_cost,std_total_cost,skew_total_cost,y_objective
eval_agent,5000,67.09457835940403,55.66537407400927,0.6480833443183532,150.5926394704179
