split,episodes,mean_total_cost,std_total_cost,skew_total_cost,y_objective
eval_agent,1500,57.286155396567786,59.34390872625069,0.7490410810244057,116.63006412281848
