split,episodes,mean_total_cost,std_total_cost,skew_total_cost,y_objective
train,5000,106.28003955958177,94.33657665698766,1.8994478861391269,200.61661621656944
