split,episodes,mean_total_cost,std_total_cost,skew_total_cost,y_objective
eval_agent,5000,94.90279914888899,33.62534199654513,0.13719680738814577,145.34081214370667
