split,episodes,mean_total_cost,std_total_cost,skew_total_cost,y_objective
eval_agent,5000,48.08323166501035,46.56896332014891,1.0311844897477207,117.93667664523372
