split,episodes,mean_total_cost,std_total_cost,skew_total_cost,y_objective
eval_benchmark,5000,52.8498788530191,43.55884003738132,0.8640787822142844,118.1881389090911
