split,episodes,mean_total_cost,std_total_cost,skew_total_cost,y_objective
eval_benchmark,1500,107.37492744914422,40.39812478569932,0.29816552633207494,155.85267719198342
