split,episodes,mean_total_cost,std_total_cost,skew_total_cost,y_objective
eval_agent,1500,69.25482625747878,41.893444195431144,0.20250564304167923,119.52695929199616
