split,episodes,mean_total_cost,std_total_cost,skew_total_cost,y_objective
train,5000,133.38139604645238,101.56329439816892,1.3258786733830317,255.2573493242551
