split,episodes,mean_total_cost,std_total_cost,skew_total_cost,y_objective
eval_agent,5000,74.80232655965672,59.27359561234783,0.5321559446713706,163.71271997817848
