split,episodes,mean_total_cost,std_total_cost,skew_total_cost,y_objective
eval_agent,5000,101.26591242401234,37.6944725096098,0.18768517270560328,157.80762118842705
