split,episodes,mean_total_cost,std_total_cost,skew_total_cost,y_objective
eval_benchmark,1500,89.72772131889874,36.90795997250804,0.312826051903321,134.01727328590837
