split,episodes,mean_total_cost,std_total_cost,skew_total_cost,y_objective
eval_agent,1500,51.93217422149338,91.00667948366484,0.8142028749595152,161.1401896018912
