split,episodes,mean_total_cost,std_total_cost,skew_total_cost,y_objective
train,5000,124.7711216658772,126.84981571242783,1.8543376627538568,276.9909005207906
