split,episodes,mean_total_cost,std_total_cost,skew_total_cost,y_objective
eval_benchmark,5000,60.77630401515523,34.23347192929627,0.5690168023973625,112.12651190909963
