split,episode_idx,n_steps,total_cost,mean_step_cost,std_step_cost,total_trade_cost,total_liquidation_cost,mean_loss
eval_benchmark,0,21,133.1624804020361,6.341070495335051,10.796136883118052,95.7066196711793,40.82651844709493,
eval_benchmark,1,21,92.00603080950687,4.38123956235747,10.14482323673205,80.61998425450166,44.811631406807955,
eval_benchmark,2,21,90.00916902311654,4.2861509058626925,10.626229817804754,51.26321170578822,47.63918716787861,
eval_benchmark,3,21,32.23513785894339,1.53500656471159,4.3292798555297205,56.95800322576682,5.790641683430708e-10,
eval_benchmark,4,21,86.7757533535196,4.132178731119982,11.01131600617455,63.219682611343465,45.107669332616034,
