split,episode_idx,n_steps,total_cost,mean_step_cost,std_step_cost,total_trade_cost,total_liquidation_cost,mean_loss
eval_agent,0,21,-1.597550154179757,-0.07607381686570272,17.418697417416418,24.36296563624821,24.317903817054077,
eval_agent,1,21,25.48911732379553,1.213767491609311,12.250940261635995,24.361586541082158,24.64919805209414,
eval_agent,2,21,142.38809007828976,6.780385241823323,20.180721023574254,24.409975699348415,26.06294533599709,
eval_agent,3,21,127.95740895299987,6.093209950142851,13.151983942562746,24.36465076756471,21.858901119458984,
eval_agent,4,21,31.242931486920277,1.487758642234299,11.76103078440438,24.356496225425502,24.72240633268291,
