split,episodes,mean_total_cost,std_total_cost,y_objective
eval_agent,5,65.09599953756513,58.460908236996694,152.7873618930602
