split,episodes,mean_total_cost,std_total_cost,y_objective
train,5,354.6228470068139,126.79207440146996,544.8109586090188
