split,episodes,mean_total_cost,std_total_cost,skew_total_cost,y_objective
eval_benchmark,1500,81.43770340044838,49.69947368133725,1.071650063763108,155.98691392245428
