split,episodes,mean_total_cost,std_total_cost,skew_total_cost,y_objective
eval_agent,5000,72.43285735001552,40.744442513687424,0.26444438881324117,133.54952112054664
