split,episodes,mean_total_cost,std_total_cost,skew_total_cost,y_objective
eval_benchmark,5000,104.80755684789078,40.60911254125562,0.6167391093238146,165.7212256597742
