split,episodes,mean_total_cost,std_total_cost,y_objective
eval_agent,1000,76.34591277937226,43.247508530004694,141.2171755743793
