split,episodes,mean_total_cost,std_total_cost,y_objective
train,2000,94.4996566171261,61.840408014096184,187.2602686382704
