split,episodes,mean_total_cost,std_total_cost,skew_total_cost,y_objective
eval_agent,5000,66.28861162371624,47.646767798808426,0.2875428007320629,137.75876332192888
