split,episodes,mean_total_cost,std_total_cost,skew_total_cost,y_objective
eval_benchmark,5000,103.58673498131701,39.53582035617582,0.5855788378118093,162.89046551558073
