split,episodes,mean_total_cost,std_total_cost,skew_total_cost,y_objective
eval_agent,5000,57.73779973261356,36.21664298159722,0.49860182881861675,112.06276420500937
