split,episodes,mean_total_cost,std_total_cost,skew_total_cost,y_objective
eval_benchmark,5000,90.60839938665924,39.28427433856971,1.6251513852598425,149.5348108945138
