split,episodes,mean_total_cost,std_total_cost,skew_total_cost,y_objective
eval_agent,1500,52.903510950348625,50.04515857981284,0.5552866849707715,127.97124882006787
