split,episodes,mean_total_cost,std_total_cost,skew_total_cost,y_objective
eval_benchmark,1500,108.34771049149138,48.757308689445914,1.3750786804966355,157.1050191809373
