split,episodes,mean_total_cost,std_total_cost,skew_total_cost,y_objective
eval_agent,1500,68.18136477749346,66.90951576584285,1.319544725635882,135.0908805433363
