split,episodes,mean_total_cost,std_total_cost,skew_total_cost,y_objective
train,5000,102.88637034203498,118.51176867838171,1.1689410962782718,221.39813902041672
