split,episodes,mean_total_cost,std_total_cost,skew_total_cost,y_objective
eval_benchmark,1000,109.25127871380829,48.924649702720515,1.3350472305655157,182.63825326788907
