split,episodes,mean_total_cost,std_total_cost,skew_total_cost,y_objective
eval_agent,1500,7.525937860798409,142.74256005443996,1.5740386537500652,150.26849791523838
