split,episodes,mean_total_cost,std_total_cost,skew_total_cost,y_objective
train,5000,111.3249249691909,78.31561002299283,1.6609023491108819,189.64053499218372
