split,episodes,mean_total_cost,std_total_cost,y_objective
eval_benchmark,1000,91.02547405169172,36.73485431681927,146.12775552692062
