split,episodes,mean_total_cost,std_total_cost,y_objective
train,2000,106.33092624188633,137.44009672364095,312.49107132734775
