split,episodes,mean_total_cost,std_total_cost,skew_total_cost,y_objective
eval_agent,1500,65.34320837069757,56.02897556899916,0.5169869160306005,149.3866717241963
