split,episodes,mean_total_cost,std_total_cost,skew_total_cost,y_objective
train,5000,108.34999401086743,102.00191600834926,1.521104960255055,261.3528680233913
