split,episodes,mean_total_cost,std_total_cost,skew_total_cost,y_objective
eval_agent,1500,56.82923346281587,48.48696452118055,0.6750328453309589,115.01359088823251
