split,episodes,mean_total_cost,std_total_cost,skew_total_cost,y_objective
eval_benchmark,1500,83.32248488618669,50.139003673188796,1.1495652659087767,143.48928929401325
