split,episodes,mean_total_cost,std_total_cost,skew_total_cost,y_objective
train,5000,118.54846508404749,107.87220180223942,2.042101581736737,247.99510724673482
