split,episodes,mean_total_cost,std_total_cost,skew_total_cost,y_objective
eval_benchmark,5000,82.7442109046061,52.88255831902774,1.3157748054775755,162.06804838314773
