split,episodes,mean_total_cost,std_total_cost,skew_total_cost,y_objective
eval_agent,5000,63.52594651251896,52.838783145540674,1.364240319161995,142.78412123082998
