split,episodes,mean_total_cost,std_total_cost,y_objective
eval_benchmark,1000,107.81192057387408,36.82654079009939,163.05173175902317
