split,episodes,mean_total_cost,std_total_cost,y_objective
train,2000,99.58550329978453,58.40965322359206,187.1999831351726
