split,episodes,mean_total_cost,std_total_cost,skew_total_cost,y_objective
eval_agent,1500,80.70873048583773,31.234074046065768,0.2283243144846335,127.55984155493638
