split,episodes,mean_total_cost,std_total_cost,skew_total_cost,y_objective
eval_benchmark,1500,107.17425479261426,38.380835651636886,0.5139417057538671,164.7455082700696
