split,episodes,mean_total_cost,std_total_cost,skew_total_cost,y_objective
eval_agent,1500,58.59354294928847,23.41951063361457,-0.058857812680895905,93.72280889971033
