split,episodes,mean_total_cost,std_total_cost,skew_total_cost,y_objective
train,5000,115.74370827790459,81.95227108493687,3.0510797227687783,238.67211490530988
