split,episodes,mean_total_cost,std_total_cost,skew_total_cost,y_objective
eval_benchmark,5000,60.57940686951325,66.91580825898512,0.69851129839527,160.95311925799095
