split,episodes,mean_total_cost,std_total_cost,skew_total_cost,y_objective
eval_agent,5000,57.63780845356326,66.81857160099736,0.6491187659873957,157.86566585505932
