split,episodes,mean_total_cost,std_total_cost,skew_total_cost,y_objective
eval_agent,1500,49.877504392342374,107.84301872759936,1.5902677995872339,211.64203248374142
