split,episodes,mean_total_cost,std_total_cost,skew_total_cost,y_objective
train,5000,163.57404982815643,125.5234062718345,2.033194347513771,351.8591592359082
