split,episodes,mean_total_cost,std_total_cost,skew_total_cost,y_objective
eval_agent,5000,62.08570117433219,57.735966411680934,0.35398958098348804,148.6896507918536
