split,episodes,mean_total_cost,std_total_cost,skew_total_cost,y_objective
eval_agent,1500,13.232418303286881,150.21322909004436,1.9783386385082453,238.55226193835344
