split,episodes,mean_total_cost,std_total_cost,skew_total_cost,y_objective
eval_benchmark,1500,62.524217495142096,63.192379489174954,1.7569114788393836,157.3127867289045
