split,episodes,mean_total_cost,std_total_cost,skew_total_cost,y_objective
train,5000,183.25700009156273,198.7578737784258,2.340523433138258,481.39381075920136
