split,episodes,mean_total_cost,std_total_cost,skew_total_cost,y_objective
eval_agent,5000,66.26563823606031,50.58883325080872,0.29252973613904526,142.1488881122734
