split,episodes,mean_total_cost,std_total_cost,skew_total_cost,y_objective
eval_benchmark,5,86.79136601318945,26.605070151231274,-1.1044718618562053,126.69897124003637
