split,episodes,mean_total_cost,std_total_cost,skew_total_cost,y_objective
eval_agent,5000,87.51328130440693,37.02083560496824,0.4074809650430018,143.04453471185928
