split,episodes,mean_total_cost,std_total_cost,skew_total_cost,y_objective
eval_benchmark,1500,107.92913062667606,49.42167210202941,1.5395024295199922,182.06163877972017
