split,episodes,mean_total_cost,std_total_cost,skew_total_cost,y_objective
eval_agent,1500,78.08245090325447,52.01469594690971,0.6726445826350087,156.10449482361904
