split,episodes,mean_total_cost,std_total_cost,skew_total_cost,y_objective
train,5000,114.50727224850701,98.24542112105803,1.461531127764276,261.8754039300941
