split,episodes,mean_total_cost,std_total_cost,skew_total_cost,y_objective
eval_agent,1500,54.9914003864654,50.25620224666169,0.4059002911324189,105.2476026331271
