split,episodes,mean_total_cost,std_total_cost,skew_total_cost,y_objective
eval_benchmark,1500,91.19071150780705,36.26500143872103,0.29155281413084433,127.4557129465281
