split,episodes,mean_total_cost,std_total_cost,skew_total_cost,y_objective
eval_benchmark,1500,106.85000935894286,41.545962335187944,0.33945532859668154,148.39597169413082
