split,episodes,mean_total_cost,std_total_cost,skew_total_cost,y_objective
eval_agent,1500,71.07843000234347,43.41490162301261,0.34142071442316424,114.49333162535608
