split,episodes,mean_total_cost,std_total_cost,skew_total_cost,y_objective
train,5000,101.80205130496212,82.79152896436474,1.4577969176513463,184.59358026932688
