split,episodes,mean_total_cost,std_total_cost,skew_total_cost,y_objective
eval_benchmark,5000,66.32970603026374,50.18485242959784,1.5470659203572303,141.6069846746605
