split,episodes,mean_total_cost,std_total_cost,skew_total_cost,y_objective
eval_agent,5000,55.63632574734178,56.14353938420047,1.2930068405184172,139.8516348236425
