split,episodes,mean_total_cost,std_total_cost,skew_total_cost,y_objective
eval_agent,5000,66.75974431836494,44.46388095560376,0.5148542581262592,133.45556575177056
