split,episodes,mean_total_cost,std_total_cost,skew_total_cost,y_objective
eval_benchmark,5000,103.71900551977703,39.68294787198675,0.5775757108548897,163.24342732775716
