split,episodes,mean_total_cost,std_total_cost,skew_total_cost,y_objective
eval_agent,5,19.580613823104752,41.14656379860296,0.9770319722036506,81.3004595210092
