split,episodes,mean_total_cost,std_total_cost,skew_total_cost,y_objective
eval_benchmark,5,116.1289625602173,35.05544387295059,-0.49229517913374127,168.71212836964318
