split,episode_idx,n_steps,total_cost,mean_step_cost,std_step_cost,total_trade_cost,total_liquidation_cost,mean_loss
eval_benchmark,0,20,113.9496064184148,5.697480320920739,13.761060042768152,96.48556958383666,41.887136448515456,
eval_benchmark,1,20,155.6251179790039,7.781255898950196,14.681973817151713,105.48017801109025,20.55104455820725,
eval_benchmark,2,20,148.3660057754057,7.418300288770285,11.287781807390699,98.50194975297119,44.37961873450206,
eval_benchmark,3,20,105.03356767561476,5.251678383780738,6.882206230258919,98.34496476779509,6.592915777996052,
eval_benchmark,4,20,57.67051495264739,2.883525747632369,4.934214171357524,64.1044875935727,0.0015581198742034455,
