split,episode_idx,n_steps,total_cost,mean_step_cost,std_step_cost,total_trade_cost,total_liquidation_cost,mean_loss
eval_agent,0,20,8.46487386561879,0.4232436932809395,12.386297070010668,24.247169477538446,24.892167566183037,
eval_agent,1,20,14.380164259459843,0.7190082129729921,18.48882614278294,24.24538827827938,23.488594782779796,
eval_agent,2,20,6.7497451117702685,0.3374872555885134,14.240763627006357,24.27730863550254,24.868016611155365,
eval_agent,3,20,-27.995625837405363,-1.3997812918702683,18.72050958587534,24.24720316681516,23.903367246407587,
eval_agent,4,20,96.30391171608022,4.815195585804011,23.092054744105827,24.229905634393642,22.631987255492508,
