split,episodes,mean_total_cost,std_total_cost,skew_total_cost,y_objective
eval_benchmark,1500,1.0856565487096037,0.37511590354297003,0.45470335488985353,1.6483304040240587
