split,episodes,mean_total_cost,std_total_cost,skew_total_cost,y_objective
eval_agent,5000,88.73422365909201,49.34375166553936,0.9280085722955268,162.74985115740105
