split,episodes,mean_total_cost,std_total_cost,skew_total_cost,y_objective
eval_benchmark,5000,50.51243944618035,53.65999384996619,1.1183312912302696,131.00243022112963
