split,episodes,mean_total_cost,std_total_cost,skew_total_cost,y_objective
eval_agent,5000,42.947296517554854,56.50841184738133,0.6994900807265757,127.70991428862685
