split,episodes,mean_total_cost,std_total_cost,skew_total_cost,y_objective
eval_agent,1500,78.14452941704377,46.56674075892587,0.5993109217866224,134.0246183277548
