split,episodes,mean_total_cost,std_total_cost,skew_total_cost,y_objective
eval_agent,1500,52.922799431365405,39.53215367467086,1.0100262297549385,92.45495310603627
