split,episodes,mean_total_cost,std_total_cost,skew_total_cost,y_objective
eval_agent,5000,55.25238256489765,58.67144762917728,0.5392966559894263,143.25955400866354
