split,episodes,mean_total_cost,std_total_cost,skew_total_cost,y_objective
eval_agent,5000,87.54010861250127,40.30417216565309,0.7930531044561241,147.9963668609809
