split,episodes,mean_total_cost,std_total_cost,skew_total_cost,y_objective
eval_agent,5000,57.02453176510537,68.00024744511686,0.6402841276678298,159.02490293278066
