split,episodes,mean_total_cost,std_total_cost,y_objective
eval_benchmark,1000,82.64318017016979,47.41925716918833,153.77206592395228
