split,episodes,mean_total_cost,std_total_cost,y_objective
eval_agent,1000,103.59400552016538,259.04368877496427,492.15953868261187
