split,episodes,mean_total_cost,std_total_cost,y_objective
train,2000,421.26816066349113,495.1575684030967,1164.0045132681362
