split,episodes,mean_total_cost,std_total_cost,skew_total_cost,y_objective
eval_agent,1500,63.26587830639305,66.79733207739966,0.919715411300107,143.4226767992726
