split,episodes,mean_total_cost,std_total_cost,skew_total_cost,y_objective
eval_benchmark,1500,106.79778074937002,46.46482621863937,1.1212241935005105,162.55557221173726
