split,episodes,mean_total_cost,std_total_cost,skew_total_cost,y_objective
eval_agent,5000,70.10347654865872,54.04068823309726,0.5933817050004785,151.1645088983046
