split,episodes,mean_total_cost,std_total_cost,skew_total_cost,y_objective
train,5000,113.90563091319551,110.78704555679663,1.9173628255321549,246.8500855813515
