split,episodes,mean_total_cost,std_total_cost,skew_total_cost,y_objective
eval_agent,1500,72.91123840196124,43.83279136587522,0.14500591176636446,138.66042545077406
