split,episodes,mean_total_cost,std_total_cost,skew_total_cost,y_objective
train,5000,113.85215118805695,83.04730323126645,1.5757923103960039,238.42310603495667
