split,episodes,mean_total_cost,std_total_cost,skew_total_cost,y_objective
eval_agent,1500,85.282050803023,36.77350803981687,0.3168638719189279,140.44231286274828
