split,episodes,mean_total_cost,std_total_cost,skew_total_cost,y_objective
eval_benchmark,1500,107.65892411441354,36.951645806305564,0.37869861122286,163.08639282387188
