split,episodes,mean_total_cost,std_total_cost,skew_total_cost,y_objective
eval_agent,1000,88.91117987783167,30.11311308962919,0.16862664908113714,134.08084951227545
