split,episodes,mean_total_cost,std_total_cost,skew_total_cost,y_objective
eval_agent,1500,39.88525836543257,61.320278313210295,0.3437958715632635,131.865675835248
