split,episodes,mean_total_cost,std_total_cost,skew_total_cost,y_objective
eval_benchmark,1500,78.28510233640365,24.49799450441115,0.11462324624991899,115.03209409302038
