split,episodes,mean_total_cost,std_total_cost,skew_total_cost,y_objective
eval_agent,5000,76.78921021114797,51.330790342909,0.972555903970185,153.78539572551148
