split,episodes,mean_total_cost,std_total_cost,skew_total_cost,y_objective
eval_benchmark,5000,104.59519246784681,49.9814781092295,1.468446897987589,179.56740963169108
