split,episodes,mean_total_cost,std_total_cost,skew_total_cost,y_objective
eval_benchmark,10000,89.17950838350531,29.863278142701738,0.47856444181818003,133.9744255975579
