split,episodes,mean_total_cost,std_total_cost,skew_total_cost,y_objective
eval_agent,10000,54.59799309433943,33.783287677195474,0.5389071764024433,105.27292461013262
