split,episodes,mean_total_cost,std_total_cost,skew_total_cost,y_objective
eval_benchmark,1000,106.44780695754189,36.67820660008676,0.3633343680962053,161.46511685767203
