split,episodes,mean_total_cost,std_total_cost,y_objective
eval_agent,1000,55.01843276811954,40.679688330429386,116.03796526376361
