split,episodes,mean_total_cost,std_total_cost,y_objective
train,2000,100.9001618646527,63.359737099164256,195.9397675133991
