split,episodes,mean_total_cost,std_total_cost,skew_total_cost,y_objective
eval_agent,5000,57.45478699135573,67.68373820172077,0.688677281480465,158.98039429393688
