split,episodes,mean_total_cost,std_total_cost,skew_total_cost,y_objective
eval_benchmark,5000,60.595726970195315,66.60193842062982,0.7341251254648844,160.49863460114005
