split,episodes,mean_total_cost,std_total_cost,skew_total_cost,y_objective
eval_agent,5000,74.4940665648619,44.90118420579902,0.21807611588877698,141.8458428735604
