split,episodes,mean_total_cost,std_total_cost,skew_total_cost,y_objective
eval_benchmark,5000,103.42002493700353,41.459872127853714,0.8420085427799237,165.6098331287841
