split,episodes,mean_total_cost,std_total_cost,skew_total_cost,y_objective
eval_agent,5000,85.08973247471485,50.91255034251493,1.0659362338843534,161.45855798848726
