split,episodes,mean_total_cost,std_total_cost,y_objective
eval_agent,1000,67.85130218583119,41.47778217990593,130.0679754556901
