split,episodes,mean_total_cost,std_total_cost,y_objective
train,2000,86.59255719362976,67.49108306900357,187.8291817971351
