split,episodes,mean_total_cost,std_total_cost,skew_total_cost,y_objective
eval_agent,5000,84.62555717294799,38.206238007839936,0.14951169980237938,141.9349141847079
