split,episodes,mean_total_cost,std_total_cost,skew_total_cost,y_objective
eval_agent,1500,69.38890074620247,45.025974279230894,0.3379808012940417,136.92786216504882
