split,episodes,mean_total_cost,std_total_cost,skew_total_cost,y_objective
eval_agent,5000,42.637253028020844,45.74097509101376,0.6899348213545036,111.24871566454149
