split,episodes,mean_total_cost,std_total_cost,skew_total_cost,y_objective
eval_benchmark,5000,52.20072742322641,41.17219273566767,0.5742331583296404,113.95901652672794
