split,episodes,mean_total_cost,std_total_cost,skew_total_cost,y_objective
eval_agent,1500,324.16662930565525,237.67501045885103,0.43133891507137384,609.3766418562766
