split,episodes,mean_total_cost,std_total_cost,skew_total_cost,y_objective
eval_benchmark,1500,82.80876612323719,48.0693528924905,1.1522947735435665,140.4919895942258
