split,episodes,mean_total_cost,std_total_cost,skew_total_cost,y_objective
eval_benchmark,5000,82.86645162480067,49.13541904729346,0.6326912969095918,156.56958019574088
