split,episodes,mean_total_cost,std_total_cost,skew_total_cost,y_objective
eval_agent,5000,67.67368370516479,53.86513679186779,0.4882339896626565,148.47138889296647
