split,episodes,mean_total_cost,std_total_cost,skew_total_cost,y_objective
eval_agent,5000,87.42529784516337,51.73851768300042,0.9681514911691613,165.033074369664
