split,episodes,mean_total_cost,std_total_cost,skew_total_cost,y_objective
eval_agent,1500,59.74174061424289,36.03056969006002,-0.11995533336827244,102.97842424231492
