split,episodes,mean_total_cost,std_total_cost,skew_total_cost,y_objective
train,5000,127.61036886811986,105.08375389786204,2.5263631971522087,253.7108735455543
