split,episodes,mean_total_cost,std_total_cost,skew_total_cost,y_objective
eval_benchmark,1000,106.44780771994733,36.678207318736405,0.36333449837707965,161.46511869805195
